[


  
	///////////////////////////////////////////////////////
	//////////////// GET THE DEED EVENT ///////////////////
	///////////////////////////////////////////////////////

    {	
	
	///// ChildBranches - the choices under title events and their consequences go here
    "ChildBranches": [		

	  ////////////////////////////////////
	  //////////// Accept the deed ////////////
	  ////////////////////////////////////
      {
        "SuccessEvent": null,
        "DefaultEvent": {
          "ChildBranches": [ ],
          "ParentBranch": null,
          "QualitiesAffected": [
		  
		  
		      ///// give the deed
		   {
              "ForceEquip": false,
              "OnlyIfAtLeast": null,
              "OnlyIfNoMoreThan": null,
              "SetToExactlyAdvanced": null,
              "ChangeByAdvanced": null,
              "SetToExactly": null,
              "TargetQuality": null,
              "TargetLevel": null,
              "CompletionMessage": null,
              "Level": 1,
              "AssociatedQuality": null,
              "AssociatedQualityId": 111431,
              "QualityName": null,
              "QualityDescription": null,
              "QualityImage": null,
              "QualityNature": null,
              "QualityCategory": null,
              "QualityAllowedOn": null,
              "Id": 79000144
            }
		  ],
          "QualitiesRequired": [ ],
          "Image": "",
          "Description": "Your reward consists of deeds that are hand-written on bark-cloth from the bolegus (those vast and woody mushrooms that grow on fertile islands). \"It preferred the old ways,\" the Steward says obscurely. \"If you visit the Shipyard, you'll find all you need, there.\"",
          "Tag": null,
          "ExoticEffects": "",
          "Note": null,
          "ChallengeLevel": 0,
          "UnclearedEditAt": null,
          "LastEditedBy": null,
          "Ordering": 0,
          "ShowAsMessage": false,
          "LivingStory": null,
          "LinkToEvent": null,
          "Deck": null,
          "Category": "Unspecialised",
          "LimitedToArea": null,
          "World": null,
          "Transient": false,
          "Stickiness": 0,
          "MoveToAreaId": 0,
          "MoveToArea": null,
          "MoveToDomicile": null,
          "SwitchToSetting": null,
          "FatePointsChange": 0,
          "BootyValue": 0,
          "LogInJournalAgainstQuality": null,
          "Setting": null,
          "Urgency": "Normal",
          "Teaser": "",
          "OwnerName": null,
          "DateTimeCreated": "2015-02-12T03:48:43.495Z",
          "Distribution": 0,
          "Autofire": true,
          "CanGoBack": false,
          "Name": "The Steam-Yacht Deeds",
          "Id": 79000135
        },
        "RareDefaultEvent": null,
        "RareDefaultEventChance": 0,
        "RareSuccessEvent": null,
        "RareSuccessEventChance": 0,
        "ParentEvent": null,
        "QualitiesRequired": [],
        "Name": "Approach the Steward",
        "Image": "",
        "Description": "\"The First Curator owes your aqaintance a great debt. Let us repay you. Perhaps you have a use for this.\" [This will give you a deeds for a Steam-Yacht.]",
        "OwnerName": null,
        "DateTimeCreated": "2015-02-12T03:48:43.495Z",
        "CurrencyCost": 0,
        "ActionCost": 1,
        "RenameQualityCategory": null,
        "ButtonText": "",
        "Ordering": 9,
        "Act": null,
        "Archived": false,
        "Id": 79000120
      }
	  


	
	],
    "ParentBranch": null,
    "QualitiesAffected": [ ],
    "QualitiesRequired": [ 
		//// QualitiesRequired to click on branch go here	
		
		
			////// Witnessed the Curator's End
			  {
				"DifficultyLevel": null,
				"DifficultyAdvanced": null,
				"VisibleWhenRequirementFailed": true,
				"MinLevel": 1,
				"MaxLevel": null,
				"MinAdvanced": null,
				"MaxAdvanced": null,
				"AssociatedQuality": null,
				"AssociatedQualityId": 111532,
				"QualityName": null,
				"QualityDescription": null,
				"QualityImage": null,
				"QualityNature": null,
				"QualityCategory": null,
				"QualityAllowedOn": null,
				"Id": 79000105
			  },
			  //////// The Deeds requirement
			  {
				"DifficultyLevel": null,
				"DifficultyAdvanced": null,
				"VisibleWhenRequirementFailed": true,
				"MinLevel": null,
				"MaxLevel": 0,
				"MinAdvanced": null,
				"MaxAdvanced": null,
				"AssociatedQuality": null,
				"AssociatedQualityId": 111431,
				"QualityName": null,
				"QualityDescription": null,
				"QualityImage": null,
				"QualityNature": null,
				"QualityCategory": null,
				"QualityAllowedOn": null,
				"Id": 79000107
			  },			  
			  //////// The Token requirement (Ship Storage)
			  {
				"DifficultyLevel": null,
				"DifficultyAdvanced": null,
				"VisibleWhenRequirementFailed": true,
				"MinLevel": null,
				"MaxLevel": 0,
				"MinAdvanced": null,
				"MaxAdvanced": null,
				"AssociatedQuality": null,
				"AssociatedQualityId": 999107,
				"QualityName": null,
				"QualityDescription": null,
				"QualityImage": null,
				"QualityNature": null,
				"QualityCategory": null,
				"QualityAllowedOn": null,
				"Id": 79000108
			  },		
			  //////// Ship requirement (Steam-Yacht)
			  {
				"DifficultyLevel": null,
				"DifficultyAdvanced": null,
				"VisibleWhenRequirementFailed": true,
				"MinLevel": null,
				"MaxLevel": 0,
				"MinAdvanced": null,
				"MaxAdvanced": null,
				"AssociatedQuality": null,
				"AssociatedQualityId": 105320,
				"QualityName": null,
				"QualityDescription": null,
				"QualityImage": null,
				"QualityNature": null,
				"QualityCategory": null,
				"QualityAllowedOn": null,
				"Id": 79000109
			  }
	
	],
    "Image": "ship2",
    "Description": "The Obsequious Steward awaits you on the dock.",
    "Tag": null,
    "ExoticEffects": null,
    "Note": null,
    "ChallengeLevel": 0,
    "UnclearedEditAt": null,
    "LastEditedBy": null,
    "Ordering": 0.7016321,
    "ShowAsMessage": false,
    "LivingStory": null,
    "LinkToEvent": null,
    "Deck": {
      "World": null,
      "Name": "Always",
      "ImageName": "100x130",
      "Ordering": 1,
      "Description": "Always",
      "Availability": "Always",
      "DrawSize": 3,
      "MaxCards": 3,
      "Id": 8557
    },
    "Category": "Unspecialised",
    "LimitedToArea": {
      "Description": null,
      "ImageName": null,
      "World": null,
      "MarketAccessPermitted": false,
      "MoveMessage": null,
      "HideName": false,
      "RandomPostcard": false,
      "MapX": 0,
      "MapY": 0,
      "UnlocksWithQuality": null,
      "ShowOps": false,
      "PremiumSubRequired": false,
      "Name": null,
      "Id": 100374 ///// this defines where the title event will appear
    },
    "World": null,
    "Transient": false,
    "Stickiness": 1,
    "MoveToAreaId": 0,
    "MoveToArea": null,
    "MoveToDomicile": null,
    "SwitchToSetting": null,
    "FatePointsChange": 0,
    "BootyValue": 0,
    "LogInJournalAgainstQuality": null,
    "Setting": null,
    "Urgency": "Normal",
    "OwnerName": null,
    "Teaser": "Some blank teaser.",
    "DateTimeCreated": "2015-02-12T03:48:43.535Z",
    "Distribution": 100,
    "Autofire": true,
    "CanGoBack": false,
    "Name": "The First Curator's Legacy.",
    "Id": 79000111
  }
  
  
  
	///////////////////////////////////////////////////////////
	///////////////// Get Deeds Event End //////////////////////
	///////////////////////////////////////////////////////////
	
]