[
	{
	"RelationshipCapable":false,
	"OwnerName":"Alexis",
	"Description":"\"...tomb-colonists do not exactly die. Many end in the Grand Sanatorium, withering slowly to insensate horror. (This is not publicised.) A few end in Emergence: transformation to a flimsy thing of wings and knowledge, an end in ecstacy, the delight of becoming an egg, of sorts. This is accounted a grand and vile and tempting sin...\"<br/><br/>All captains across this lineage will be able to claim a reward from Curator's Steward at Venderbight.",
	"Image":"keepermoth_TC",
	"Notes":"TRAVELLER RETURNING",
	"Tag":"Record",
	"Cap":null,
	"HimbleLevel":0,
	"UsePyramidNumbers":false,
	"PyramidNumberIncreaseLimit":50,
	"AvailableAt":null,
	"PreventNaming":false,
	"CssClasses":null,
	"World":null,
	"Ordering":0,
	"IsSlot":false,
	"LimitedToArea":null,
	"AssignToSlot":null,
	"Persistent":true,
	"QualitiesWhichAllowSecondChanceOnThis":[],
	"Visible":true,
	"Enhancements":[],
	"EnhancementsDescription":null,
	"AllowsSecondChancesOnChallengesForQuality":null,
	"GivesTrophy":null,
	"UseEvent":null,
	"DifficultyTestType":"Broad",
	"DifficultyScaler":60,
	"AllowedOn":"Character",
	"Nature":"Status",
	"Category":"Story",
	"LevelDescriptionText":"1|You witnessed the Curator's Emergence",
	"ChangeDescriptionText":"1|You witnessed the Curator's Emergence",
	"LevelImageText":null,
	"Name":"Witnessed: the Curator's End",
	"Id":111532},
	{	
	"RelationshipCapable": false,
	"OwnerName": "Dratoran",
	"Description": "A token of the ship-storage.",
	"Image": "ribbonblue",
	"Notes": null,
	"Tag": "Resources",
	"Cap": null,
	"HimbleLevel": 0,
	"UsePyramidNumbers": false,
	"PyramidNumberIncreaseLimit": 50,
	"AvailableAt": null,
	"PreventNaming": false,
	"CssClasses": null,
	"World": null,
	"Ordering": 0,
	"IsSlot": false,
	"LimitedToArea": null,
	"AssignToSlot": null,
	"Persistent": false,
	"QualitiesWhichAllowSecondChanceOnThis": [ ],
	"Visible": true,
	"Enhancements": [ ],
	"EnhancementsDescription": null,
	"AllowsSecondChancesOnChallengesForQuality": null,
	"GivesTrophy": null,
	"UseEvent": null,
	"DifficultyTestType": "Broad",
	"DifficultyScaler": 60,
	"AllowedOn": "Character",
	"Nature": "Thing",
	"Category": "Curiosity",
	"LevelDescriptionText": null,
	"ChangeDescriptionText": null,
	"LevelImageText": null,
	"Name": "Token for your Leucothea-class Steam-Yacht",
	"Id": 999107
	}
 ]